<?xml version="1.0" encoding="utf-8"?>
<edmx:Edmx Version="3.0" xmlns:edmx="http://schemas.microsoft.com/ado/2009/11/edmx">
 <!-- EF Designer content (DO NOT EDIT MANUALLY BELOW HERE) -->
  <edmx:Designer xmlns="http://schemas.microsoft.com/ado/2009/11/edmx">
    <!-- Diagram content (shape and connector positions) -->
    <edmx:Diagrams>
      <Diagram DiagramId="023046eace7b49f887f7dca3b8cd56ab" Name="Diagram1">
        <EntityTypeShape EntityType="KostikModel.employee" Width="1.5" PointX="8" PointY="4" IsExpanded="true" />
        <EntityTypeShape EntityType="KostikModel.employee_info" Width="1.5" PointX="10.25" PointY="3.875" IsExpanded="true" />
        <EntityTypeShape EntityType="KostikModel.pokupka" Width="1.5" PointX="5.25" PointY="0.875" IsExpanded="true" />
        <EntityTypeShape EntityType="KostikModel.prodazha_type" Width="1.5" PointX="0.75" PointY="1.125" IsExpanded="true" />
        <EntityTypeShape EntityType="KostikModel.profession" Width="1.5" PointX="5.75" PointY="4.25" IsExpanded="true" />
        <EntityTypeShape EntityType="KostikModel.users" Width="1.5" PointX="3" PointY="3.875" IsExpanded="true" />
        <EntityTypeShape EntityType="KostikModel.users_type" Width="1.5" PointX="0.75" PointY="4.125" IsExpanded="true" />
        <EntityTypeShape EntityType="KostikModel.usl" Width="1.5" PointX="3" PointY="0.875" IsExpanded="true" />
        <AssociationConnector Association="KostikModel.FK__employee___id_em__7A672E12" ManuallyRouted="false" />
        <AssociationConnector Association="KostikModel.FK__employee__id_pro__778AC167" ManuallyRouted="false" />
        <AssociationConnector Association="KostikModel.FK__pokupka__id_user__02FC7413" ManuallyRouted="false" />
        <AssociationConnector Association="KostikModel.FK__pokupka__id_usl__02084FDA" ManuallyRouted="false" />
        <AssociationConnector Association="KostikModel.FK__usl__id_type__7F2BE32F" ManuallyRouted="false" />
        <AssociationConnector Association="KostikModel.FK__users__id_type__72C60C4A" ManuallyRouted="false" />
      </Diagram>
    </edmx:Diagrams>
  </edmx:Designer>
</edmx:Edmx>